{"cs-1":{"nav_menu-5":{"nav_menu":4}},"blog-sidebar":{"search-3":{"title":""},"recent-posts-5":{"title":"RECENT POSTS","number":5,"show_date":false},"tag_cloud-4":{"title":"TAG CLOUD","taxonomy":"post_tag"},"categories-4":{"title":"CATEGORIES","count":0,"hierarchical":0,"dropdown":0}},"regular-page-sidebar":{"nav_menu-4":{"nav_menu":4}},"shop-sidebar":{"woocommerce_widget_cart-2":{"title":"CART","hide_if_empty":"1"},"woocommerce_product_categories-2":{"title":"PRODUCT CATEGORIES","orderby":"name","dropdown":0,"count":0,"hierarchical":"1","show_children_only":0},"woocommerce_products-2":{"title":"PRODUCTS","number":"5","show":"","orderby":"date","order":"desc","hide_free":0,"show_hidden":0}},"header-widgets":{"pw_icon_box-2":{"title":"Call Us Anytime","text":"1-888-123-4567","btn_link":"","icon":"fa-headphones","new_tab":""},"pw_icon_box-4":{"title":"Opening Time","text":"08:00 - 18:00","btn_link":"","icon":"fa-clock-o","new_tab":""},"pw_icon_box-3":{"title":"Email Us","text":"info@cargopress.io","btn_link":"","icon":"fa-envelope-o","new_tab":""},"text-2":{"title":"","text":"[button style=\"info\" href=\"https:\/\/demo.proteusthemes.com\/cargopress\/contact-us\/\"]REQUEST A QUOTE[\/button]","filter":false}},"navigation-widgets":{"pw_social_icons-2":{"social_icons":{"1":{"id":"1","link":"https:\/\/www.facebook.com\/ProteusThemes","icon":"fa-facebook"},"2":{"id":"2","link":"https:\/\/twitter.com\/ProteusThemes","icon":"fa-twitter"},"3":{"id":"3","link":"http:\/\/themeforest.net\/user\/ProteusThemes\/portfolio","icon":"fa-wordpress"},"4":{"id":"4","link":"https:\/\/www.youtube.com\/user\/ProteusNetCompany","icon":"fa-youtube"}},"new_tab":"on"}},"footer-widgets":{"black-studio-tinymce-2":{"title":"","text":"<img class=\" size-full wp-image-22 alignnone\" src=\"\/\/demo.proteusthemes.com\/cargopress\/wp-content\/uploads\/sites\/24\/2015\/04\/logo-footer.png\" alt=\"logo-footer\" width=\"217\" height=\"50\" \/>\r\n\r\nBut i must explain to you how all this mistaken idea pleasure and praising pain was born and i will give you. But i explain to you how all this mistaken idea.<br><br>\r\n\r\n[fa icon=\"fa-facebook\" \u00a0style=\"square\" href=\"https:\/\/www.facebook.com\/ProteusThemes\" target=\"_blank\"]\u00a0[fa icon=\"fa-twitter\" style=\"square\" href=\"https:\/\/twitter.com\/ProteusThemes\" target=\"_blank\"] [fa icon=\"fa-wordpress\" style=\"square\" href=\"http:\/\/themeforest.net\/user\/ProteusThemes\/portfolio\" target=\"_blank\"]\u00a0[fa icon=\"fa-youtube-play\" style=\"square\" href=\"https:\/\/www.youtube.com\/user\/ProteusNetCompany\" target=\"_blank\"]","type":"html","filter":"1"},"nav_menu-2":{"title":"NAVIGATION","nav_menu":3},"nav_menu-3":{"title":"OUR SERVICES","nav_menu":4},"black-studio-tinymce-3":{"title":"BUY NOW","text":"But i must explain to you how all this mistaken idea pleasure and praising pain was born and i will give you. But i explain to you how all this mistaken idea.<br><br>\r\n\r\n[button style=\"info\" href=\"http:\/\/themeforest.net\/item\/cargopress-logistic-warehouse-transport-wp\/11601531?ref=proteusthemes\" target=\"_blank\"]BUY CARGOPRESS[\/button]","type":"html","filter":"1"}}}